"Rank","Player","Team","Position","Points","Games","Avg"
"1","Patrick Mahomes","KC","QB","299.7","11","27.2"
"2","Todd Gurley","LAR","RB","254.4","11","23.1"
"3","Jared Goff","LAR","QB","250.6","11","22.8"
"4","Drew Brees","NO","QB","239.4","10","23.9"
"5","Matt Ryan","ATL","QB","232.4","10","23.2"
"6","Cam Newton","CAR","QB","229.2","10","22.9"
"7","Ben Roethlisberger","PIT","QB","227.7","10","22.8"
"8","Andrew Luck","IND","QB","217.0","10","21.7"
"8","Mitchell Trubisky","CHI","QB","217.0","10","21.7"
"9","Aaron Rodgers","GB","QB","207.7","10","20.8"
"10","Alvin Kamara","NO","RB","206.7","10","20.7"
"11","Kareem Hunt","KC","RB","204.2","11","18.6"
"12","Philip Rivers","LAC","QB","197.9","10","19.8"
"13","Melvin Gordon","LAC","RB","188.9","9","21.0"
"14","Saquon Barkley","NYG","RB","188.8","10","18.9"
"15","James Conner","PIT","RB","188.7","10","18.9"
"16","Kirk Cousins","MIN","QB","188.4","10","18.8"
"17","Deshaun Watson","HOU","QB","187.4","10","18.7"
"18","Russell Wilson","SEA","QB","187.2","10","18.7"
"19","Tyreek Hill","KC","WR","184.7","11","16.8"
"20","Tom Brady","NE","QB","175.5","10","17.6"
"21","Ezekiel Elliott","DAL","RB","169.4","10","16.9"
"22","Andy Dalton","CIN","QB","166.4","10","16.6"
"23","Ryan Fitzpatrick","TB","QB","165.8","8","20.7"
"24","Dak Prescott","DAL","QB","163.5","10","16.4"
"25","Christian McCaffrey","CAR","RB","158.8","10","15.9"
"26","Matthew Stafford","DET","QB","156.7","10","15.7"
"27","Blake Bortles","JAC","QB","156.4","10","15.6"
"28","Eli Manning","NYG","QB","153.6","10","15.4"
"29","Davante Adams","GB","WR","149.3","10","14.9"
"30","Michael Thomas","NO","WR","148.2","10","14.8"
"31","Antonio Brown","PIT","WR","146.7","10","14.7"
"32","Adam Thielen","MIN","WR","145.3","10","14.5"
"33","Derek Carr","OAK","QB","143.6","10","14.4"
"34","Carson Wentz","PHI","QB","140.6","8","17.6"
"35","James White","NE","RB","139.2","10","13.9"
"36","DeAndre Hopkins","HOU","WR","138.3","10","13.8"
"37","David Johnson","ARI","RB","137.9","10","13.8"
"37","Alex Smith","WAS","QB","137.9","10","13.8"
"38","Joe Flacco","BAL","QB","137.0","9","15.2"
"39","Case Keenum","DEN","QB","135.8","10","13.6"
"40","Travis Kelce","KC","TE","133.4","11","12.1"
"41","Julio Jones","ATL","WR","132.8","10","13.3"
"42","Chicago Bears","CHI","DST","130.0","10","13.0"
"43","Odell Beckham Jr.","NYG","WR","129.4","10","12.9"
"44","Baker Mayfield","CLE","QB","128.4","8","16.1"
"45","Adrian Peterson","WAS","RB","127.1","10","12.7"
"46","Robert Woods","LAR","WR","125.5","11","11.4"
"47","Brandin Cooks","LAR","WR","124.5","10","12.5"
"48","Mike Evans","TB","WR","123.7","10","12.4"
"49","Phillip Lindsay","DEN","RB","121.7","10","12.2"
"50","Wil Lutz","NO","K","115.0","10","11.5"
"51","Marcus Mariota","TEN","QB","115.0","9","12.8"
"52","Joe Mixon","CIN","RB","112.1","8","14.0"
"53","Tevin Coleman","ATL","RB","111.1","10","11.1"
"54","Emmanuel Sanders","DEN","WR","110.7","10","11.1"
"55","Zach Ertz","PHI","TE","110.4","10","11.0"
"56","JuJu Smith-Schuster","PIT","WR","107.9","10","10.8"
"57","Kerryon Johnson","DET","RB","107.4","10","10.7"
"58","Stefon Diggs","MIN","WR","106.9","9","11.9"
"59","Eric Ebron","IND","TE","106.4","10","10.6"
"60","Tyler Boyd","CIN","WR","105.9","10","10.6"
"61","T.J. Yeldon","JAC","RB","105.5","10","10.6"
"62","DeSean Jackson","TB","WR","105.0","10","10.5"
"63","Los Angeles Rams","LAR","DST","105.0","11","9.5"
"64","Harrison Butker","KC","K","104.0","11","9.5"
"65","Matt Breida","SF","RB","103.6","10","10.4"
"66","Sam Darnold","NYJ","QB","103.5","9","11.5"
"67","A.J. Green","CIN","WR","102.7","8","12.8"
"68","Tyler Lockett","SEA","WR","102.4","10","10.2"
"69","Isaiah Crowell","NYJ","RB","102.3","10","10.2"
"70","Kenny Golladay","DET","WR","102.2","10","10.2"
"71","Aaron Jones","GB","RB","101.6","8","12.7"
"72","Keenan Allen","LAC","WR","101.1","10","10.1"
"73","Tarik Cohen","CHI","RB","98.9","10","9.9"
"74","Nick Chubb","CLE","RB","98.7","10","9.9"
"75","Ka'imi Fairbairn","HOU","K","98.0","10","9.8"
"76","Calvin Ridley","ATL","WR","97.9","10","9.8"
"77","George Kittle","SF","TE","97.5","10","9.8"
"78","Jason Myers","NYJ","K","97.0","10","9.7"
"78","Mason Crosby","GB","K","97.0","10","9.7"
"79","Stephen Gostkowski","NE","K","96.0","10","9.6"
"80","Cooper Kupp","LAR","WR","95.1","8","11.9"
"81","Brett Maher","DAL","K","95.0","10","9.5"
"82","T.Y. Hilton","IND","WR","94.5","8","11.8"
"83","Alex Collins","BAL","RB","93.6","10","9.4"
"84","Robbie Gould","SF","K","92.0","10","9.2"
"85","Justin Tucker","BAL","K","91.0","10","9.1"
"86","Jordan Howard","CHI","RB","90.3","10","9.0"
"87","Washington Redskins","WAS","DST","90.0","10","9.0"
"87","Minnesota Vikings","MIN","DST","90.0","10","9.0"
"88","Lamar Miller","HOU","RB","89.8","9","10.0"
"89","Kenyan Drake","MIA","RB","89.0","10","8.9"
"90","Marlon Mack","IND","RB","88.4","6","14.7"
"91","Houston Texans","HOU","DST","88.0","10","8.8"
"92","Latavius Murray","MIN","RB","87.4","10","8.7"
"93","Cody Parkey","CHI","K","87.0","10","8.7"
"94","John Brown","BAL","WR","86.8","10","8.7"
"95","O.J. Howard","TB","TE","86.5","10","8.7"
"96","Matt Prater","DET","K","85.0","10","8.5"
"97","Aldrick Rosas","NYG","K","84.0","10","8.4"
"98","Tyrell Williams","LAC","WR","83.4","10","8.3"
"99","Pittsburgh Steelers","PIT","DST","83.0","10","8.3"
"100","Austin Ekeler","LAC","RB","82.0","10","8.2"
"101","Dustin Hopkins","WAS","K","82.0","10","8.2"
"102","Jameis Winston","TB","QB","81.9","5","16.4"
"103","Jared Cook","OAK","TE","81.7","10","8.2"
"104","Marvin Jones Jr.","DET","WR","80.8","9","9.0"
"105","Adam Vinatieri","IND","K","80.0","10","8.0"
"105","Sterling Shepard","NYG","WR","80.0","10","8.0"
"105","Ryan Succop","TEN","K","80.0","10","8.0"
"106","Chris Carson","SEA","RB","80.0","8","10.0"
"107","Golden Tate","PHI","WR","79.8","9","8.9"
"107","Dion Lewis","TEN","RB","79.8","10","8.0"
"108","Kansas City Chiefs","KC","DST","79.0","11","7.2"
"109","Mark Ingram","NO","RB","78.8","6","13.1"
"110","Peyton Barber","TB","RB","77.8","10","7.8"
"111","Chris Godwin","TB","WR","77.3","10","7.7"
"112","Carlos Hyde","JAC","RB","77.1","9","8.6"
"113","Sebastian Janikowski","SEA","K","77.0","10","7.7"
"113","Josh Lambo","JAC","K","77.0","10","7.7"
"114","Josh Rosen","ARI","QB","75.3","8","9.4"
"115","Sammy Watkins","KC","WR","75.1","10","7.5"
"116","C.J. Beathard","SF","QB","75.0","5","15.0"
"116","Denver Broncos","DEN","DST","75.0","10","7.5"
"117","Mike Davis","SEA","RB","74.6","9","8.3"
"118","Will Fuller","HOU","WR","74.3","7","10.6"
"119","Trey Burton","CHI","TE","74.2","10","7.4"
"120","Jarvis Landry","CLE","WR","74.0","10","7.4"
"121","Jason Sanders","MIA","K","74.0","10","7.4"
"121","Brandon McManus","DEN","K","74.0","10","7.4"
"122","Greg Zuerlein","LAR","K","73.0","6","12.2"
"122","Green Bay Packers","GB","DST","73.0","10","7.3"
"122","New England Patriots","NE","DST","73.0","10","7.3"
"123","Corey Davis","TEN","WR","72.9","10","7.3"
"124","Arizona Cardinals","ARI","DST","71.0","10","7.1"
"124","Steven Hauschka","BUF","K","71.0","10","7.1"
"125","Mike Williams","LAC","WR","71.0","10","7.1"
"126","Albert Wilson","MIA","WR","70.8","7","10.1"
"127","Sony Michel","NE","RB","70.4","7","10.1"
"128","Derrick Henry","TEN","RB","70.1","10","7.0"
"129","Seattle Seahawks","SEA","DST","70.0","10","7.0"
"130","Allen Robinson II","CHI","WR","69.7","8","8.7"
"131","Devin Funchess","CAR","WR","69.6","10","7.0"
"132","LeSean McCoy","BUF","RB","69.1","9","7.7"
"133","Matt Bryant","ATL","K","69.0","7","9.9"
"133","Larry Fitzgerald","ARI","WR","69.0","10","6.9"
"133","Cleveland Browns","CLE","DST","69.0","10","6.9"
"133","Indianapolis Colts","IND","DST","69.0","10","6.9"
"134","Christian Kirk","ARI","WR","68.7","10","6.9"
"135","Adam Humphries","TB","WR","68.2","10","6.8"
"136","Brock Osweiler","MIA","QB","68.0","6","11.3"
"136","Graham Gano","CAR","K","68.0","10","6.8"
"136","Los Angeles Chargers","LAC","DST","68.0","10","6.8"
"137","D.J. Moore","CAR","WR","67.6","10","6.8"
"138","Josh Gordon","NE","WR","67.4","8","8.4"
"139","Dede Westbrook","JAC","WR","67.2","10","6.7"
"139","Anthony Miller","CHI","WR","67.2","9","7.5"
"140","Frank Gore","MIA","RB","66.8","10","6.7"
"141","Duke Johnson","CLE","RB","66.2","10","6.6"
"142","Alshon Jeffery","PHI","WR","66.2","7","9.5"
"143","Nyheim Hines","IND","RB","66.1","10","6.6"
"144","Royce Freeman","DEN","RB","66.0","8","8.3"
"145","Jake Elliott","PHI","K","66.0","10","6.6"
"146","Mohamed Sanu","ATL","WR","65.1","10","6.5"
"146","Taylor Gabriel","CHI","WR","65.1","10","6.5"
"147","Donte Moncrief","JAC","WR","64.8","10","6.5"
"148","Austin Hooper","ATL","TE","64.5","10","6.5"
"149","Demaryius Thomas","HOU","WR","64.3","10","6.4"
"150","New York Jets","NYJ","DST","64.0","10","6.4"
"150","Miami Dolphins","MIA","DST","64.0","10","6.4"
"150","Ryan Tannehill","MIA","QB","64.0","5","12.8"
"150","Buffalo Bills","BUF","DST","64.0","10","6.4"
"150","Marshawn Lynch","OAK","RB","64.0","6","10.7"
"151","Randy Bullock","CIN","K","63.0","10","6.3"
"151","Dan Bailey","MIN","K","63.0","8","7.9"
"152","Josh Allen","BUF","QB","62.8","6","10.5"
"153","Tre'Quan Smith","NO","WR","61.1","8","7.6"
"154","Julian Edelman","NE","WR","61.1","6","10.2"
"155","Wendell Smallwood","PHI","RB","61.0","10","6.1"
"156","Baltimore Ravens","BAL","DST","61.0","10","6.1"
"156","Cincinnati Bengals","CIN","DST","61.0","10","6.1"
"157","Dallas Cowboys","DAL","DST","60.0","10","6.0"
"158","Michael Crabtree","BAL","WR","59.9","10","6.0"
"159","Marquise Goodwin","SF","WR","58.8","8","7.4"
"160","Kenny Stills","MIA","WR","58.6","9","6.5"
"161","Javorius Allen","BAL","RB","58.4","10","5.8"
"162","Chris Boswell","PIT","K","58.0","10","5.8"
"162","Carolina Panthers","CAR","DST","58.0","10","5.8"
"162","Chandler Catanzaro","FA","K","58.0","9","6.4"
"163","Courtland Sutton","DEN","WR","57.9","10","5.8"
"164","Amari Cooper","DAL","WR","57.8","9","6.4"
"165","Vance McDonald","PIT","TE","57.7","9","6.4"
"166","Cole Beasley","DAL","WR","57.4","10","5.7"
"167","Willie Snead","BAL","WR","57.2","10","5.7"
"167","Jimmy Graham","GB","TE","57.2","10","5.7"
"168","Danny Amendola","MIA","WR","56.7","10","5.7"
"169","Ito Smith","ATL","RB","56.5","9","6.3"
"170","Jordan Reed","WAS","TE","56.2","10","5.6"
"171","Jacksonville Jaguars","JAC","DST","56.0","10","5.6"
"172","David Moore","SEA","WR","55.5","8","6.9"
"173","Jordy Nelson","OAK","WR","55.3","9","6.1"
"174","Nelson Agholor","PHI","WR","55.3","10","5.5"
"175","Tennessee Titans","TEN","DST","55.0","10","5.5"
"175","Jalen Richard","OAK","RB","55.0","10","5.5"
"176","Marquez Valdes-Scantling","GB","WR","53.0","10","5.3"
"176","New Orleans Saints","NO","DST","53.0","10","5.3"
"177","Leonard Fournette","JAC","RB","52.0","4","13.0"
"178","Zay Jones","BUF","WR","51.2","10","5.1"
"179","Greg Olsen","CAR","TE","50.7","7","7.2"
"180","Curtis Samuel","CAR","WR","50.2","7","7.2"
"181","Chris Ivory","BUF","RB","50.0","9","5.6"
"182","Alfred Blue","HOU","RB","49.7","10","5.0"
"183","Bilal Powell","NYJ","RB","49.3","7","7.0"
"184","Detroit Lions","DET","DST","49.0","10","4.9"
"185","Rob Gronkowski","NE","TE","48.8","7","7.0"
"185","David Njoku","CLE","TE","48.8","9","5.4"
"186","Kyle Rudolph","MIN","TE","48.2","10","4.8"
"187","Jimmy Garoppolo","SF","QB","47.9","3","16.0"
"188","Robby Anderson","NYJ","WR","47.8","8","6.0"
"189","Giovani Bernard","CIN","RB","47.4","6","7.9"
"190","Antonio Callaway","CLE","WR","47.3","10","4.7"
"191","Greg Joseph","CLE","K","47.0","8","5.9"
"191","Philadelphia Eagles","PHI","DST","47.0","10","4.7"
"192","Jesse James","PIT","TE","46.4","10","4.6"
"193","Chris Hogan","NE","WR","45.3","10","4.5"
"194","Chris Conley","KC","WR","44.3","11","4.0"
"195","Chris Herndon IV","NYJ","TE","43.7","8","5.5"
"196","Rashaad Penny","SEA","RB","43.5","9","4.8"
"197","Jamaal Williams","GB","RB","43.2","10","4.3"
"198","Lamar Jackson","BAL","QB","43.1","10","4.3"
"199","San Francisco 49ers","SF","DST","43.0","10","4.3"
"200","Cordarrelle Patterson","NE","WR","42.7","10","4.3"
"201","Corey Clement","PHI","RB","42.5","8","5.3"
"202","Geronimo Allison","GB","WR","42.3","5","8.5"
"203","Alfred Morris","SF","RB","41.9","9","4.7"
"204","Tyrod Taylor","CLE","QB","41.4","4","10.4"
"205","Benjamin Watson","NO","TE","41.3","8","5.2"
"206","Rashard Higgins","CLE","WR","41.1","7","5.9"
"207","Kendrick Bourne","SF","WR","41.0","10","4.1"
"207","Gerald Everett","LAR","TE","41.0","10","4.1"
"208","LeGarrette Blount","DET","RB","40.2","10","4.0"
"209","Jordan Wilkins","IND","RB","40.0","9","4.4"
"209","Chester Rogers","IND","WR","40.0","10","4.0"
"209","New York Giants","NYG","DST","40.0","10","4.0"
"210","Keelan Cole","JAC","WR","39.5","8","4.9"
"210","Tajae Sharpe","TEN","WR","39.5","10","4.0"
"211","Jakeem Grant","MIA","WR","39.3","10","3.9"
"212","Doug Martin","OAK","RB","39.2","10","3.9"
"213","Paul Richardson","WAS","WR","39.1","7","5.6"
"214","Caleb Sturgis","FA","K","39.0","6","6.5"
"215","Josh Doctson","WAS","WR","38.8","9","4.3"
"216","Evan Engram","NYG","TE","38.7","7","5.5"
"217","Doug Baldwin","SEA","WR","38.7","8","4.8"
"218","Seth Roberts","OAK","WR","38.5","9","4.3"
"219","Quincy Enunwa","NYJ","WR","38.5","8","4.8"
"220","Jay Ajayi","PHI","RB","38.4","4","9.6"
"221","Mark Andrews","BAL","TE","38.3","10","3.8"
"222","John Ross","CIN","WR","38.2","7","5.5"
"222","Chris Thompson","WAS","RB","38.2","5","7.6"
"223","Michael Badgley","LAC","K","38.0","4","9.5"
"224","Aldrick Robinson","MIN","WR","37.9","8","4.7"
"225","Terrelle Pryor","FA","WR","37.1","8","4.6"
"226","C.J. Uzomah","CIN","TE","36.8","10","3.7"
"227","Dallas Goedert","PHI","TE","36.8","9","4.1"
"228","Josh Reynolds","LAR","WR","36.6","7","5.2"
"229","Phillip Dorsett","NE","WR","36.6","8","4.6"
"230","Kelvin Benjamin","BUF","WR","36.2","10","3.6"
"231","Antonio Gates","LAC","TE","36.1","10","3.6"
"232","Daniel Carlson","OAK","K","36.0","6","6.0"
"233","Jeff Heuerman","DEN","TE","35.7","10","3.6"
"234","Ryan Grant","IND","WR","35.1","8","4.4"
"235","Spencer Ware","KC","RB","34.9","10","3.5"
"236","Kapri Bibbs","WAS","RB","34.7","8","4.3"
"237","Jarius Wright","CAR","WR","34.6","10","3.5"
"237","Pierre Garcon","SF","WR","34.6","8","4.3"
"238","Devontae Booker","DEN","RB","34.6","10","3.5"
"239","Michael Gallup","DAL","WR","34.5","10","3.5"
"240","Allen Hurns","DAL","WR","34.1","9","3.8"
"241","Jordan Matthews","PHI","WR","33.7","7","4.8"
"242","Malcolm Brown","LAR","RB","33.6","10","3.4"
"243","Keke Coutee","HOU","WR","33.3","5","6.7"
"244","Ricky Seals-Jones","ARI","TE","33.2","10","3.3"
"245","Raheem Mostert","SF","RB","32.6","8","4.1"
"245","Kyle Juszczyk","SF","RB","32.6","10","3.3"
"246","Nick Mullens","SF","QB","32.3","2","16.2"
"246","Nick Vannett","SEA","TE","32.3","9","3.6"
"247","Laquon Treadwell","MIN","WR","32.0","10","3.2"
"248","Ty Montgomery","BAL","RB","31.9","8","4.0"
"248","Cameron Brate","TB","TE","31.9","9","3.5"
"249","Tyler Higbee","LAR","TE","31.8","9","3.5"
"250","Torrey Smith","CAR","WR","31.1","6","5.2"
"251","Tavon Austin","DAL","WR","30.5","6","5.1"
"252","Geoff Swaim","DAL","TE","30.2","9","3.4"
"253","Maurice Harris","WAS","WR","30.1","7","4.3"
"254","Randall Cobb","GB","WR","29.9","5","6.0"
"255","Theo Riddick","DET","RB","29.4","8","3.7"
"256","Vernon Davis","WAS","TE","29.2","9","3.2"
"256","Josh Adams","PHI","RB","29.2","7","4.2"
"257","Jordan Thomas","HOU","TE","29.1","6","4.9"
"258","Tampa Bay Buccaneers","TB","DST","29.0","10","2.9"
"258","Giorgio Tavecchio","ATL","K","29.0","3","9.7"
"259","Jonnu Smith","TEN","TE","28.6","10","2.9"
"260","Dalvin Cook","MIN","RB","28.4","5","5.7"
"261","Ted Ginn Jr.","NO","WR","28.1","4","7.0"
"262","Will Dissly","SEA","TE","27.6","4","6.9"
"263","Phil Dawson","ARI","K","27.0","9","3.0"
"264","Jack Doyle","IND","TE","26.9","5","5.4"
"265","Martavis Bryant","OAK","WR","26.9","7","3.8"
"266","Gus Edwards","BAL","RB","26.6","5","5.3"
"267","Michael Roberts","DET","TE","26.4","6","4.4"
"268","Jaron Brown","SEA","WR","26.3","7","3.8"
"268","Erik Swoope","IND","TE","26.3","5","5.3"
"269","Mike Nugent","OAK","K","26.0","3","8.7"
"270","Brandon LaFell","OAK","WR","25.5","4","6.4"
"271","Taywan Taylor","TEN","WR","25.4","8","3.2"
"272","Oakland Raiders","OAK","DST","25.0","10","2.5"
"272","Matt McCrane","FA","K","25.0","4","6.3"
"272","Cairo Santos","TB","K","25.0","3","8.3"
"273","Virgil Green","LAC","TE","24.9","10","2.5"
"274","Atlanta Falcons","ATL","DST","24.0","10","2.4"
"275","Tyler Eifert","CIN","TE","23.9","4","6.0"
"276","Mo Alie-Cox","IND","TE","23.2","6","3.9"
"277","Jermaine Kearse","NYJ","WR","23.1","9","2.6"
"278","Jamison Crowder","WAS","WR","22.9","4","5.7"
"279","Taysom Hill","NO","QB","22.8","9","2.5"
"280","Devante Parker","MIA","WR","22.5","5","4.5"
"281","Ryan Switzer","PIT","WR","22.1","10","2.2"
"282","Josh Hill","NO","TE","22.0","8","2.8"
"283","Demetrius Harris","KC","TE","21.7","10","2.2"
"284","Marcus Murphy","BUF","RB","21.6","7","3.1"
"285","Rhett Ellison","NYG","TE","21.5","9","2.4"
"286","Ed Dickson","SEA","TE","21.3","4","5.3"
"287","Jacquizz Rodgers","TB","RB","21.1","10","2.1"
"288","Trent Taylor","SF","WR","21.0","8","2.6"
"289","Bruce Ellington","DET","WR","20.4","4","5.1"
"290","Marvin Hall","ATL","WR","20.2","9","2.2"
"291","Zach Pascal","IND","WR","19.9","9","2.2"
"292","Nick Foles","PHI","QB","19.8","2","9.9"
"293","Brandon Marshall","NO","WR","19.6","6","3.3"
"294","C.J. Anderson","FA","RB","18.8","7","2.7"
"295","Dontrelle Inman","IND","WR","18.7","3","6.2"
"296","Blaine Gabbert","TEN","QB","18.6","4","4.7"
"297","Chad Williams","ARI","WR","17.3","8","2.2"
"298","Nick Boyle","BAL","TE","17.2","9","1.9"
"299","Matt Barkley","BUF","QB","17.1","1","17.1"
"299","Jason Croom","BUF","TE","17.1","10","1.7"
"300","Dante Pettis","SF","WR","16.8","7","2.4"
"301","Trenton Cannon","NYJ","RB","16.6","6","2.8"
"302","Chris Moore","BAL","WR","16.4","9","1.8"
"303","Lance Kendricks","GB","TE","16.3","9","1.8"
"304","Equanimeous St. Brown","GB","WR","16.2","6","2.7"
"305","Marcus Johnson","IND","WR","16.0","4","4.0"
"306","Andre Holmes","BUF","WR","15.7","10","1.6"
"307","Josh Bellamy","CHI","WR","15.6","8","2.0"
"308","Demarcus Robinson","KC","WR","15.5","9","1.7"
"309","Luke Stocker","TEN","TE","15.5","7","2.2"
"310","Cameron Meredith","NO","WR","15.4","3","5.1"
"310","D.J. Chark","JAC","WR","15.4","10","1.5"
"311","Ryan Griffin","HOU","TE","15.3","7","2.2"
"312","Mike Gesicki","MIA","TE","15.1","9","1.7"
"313","James O'Shaughnessy","JAC","TE","15.1","8","1.9"
"314","Darren Fells","CLE","TE","15.0","6","2.5"
"314","Austin Seferian-Jenkins","JAC","TE","15.0","5","3.0"
"315","Charles Clay","BUF","TE","14.9","8","1.9"
"316","Chase Edmonds","ARI","RB","14.8","10","1.5"
"317","Tim Patrick","DEN","WR","14.6","8","1.8"
"318","Austin Carr","NO","WR","14.5","7","2.1"
"319","Damion Ratley","CLE","WR","14.2","4","3.6"
"320","Matt LaCosse","DEN","TE","13.7","8","1.7"
"321","James Washington","PIT","WR","13.7","7","2.0"
"321","Nick O'Leary","MIA","TE","13.7","4","3.4"
"321","Anthony Sherman","KC","RB","13.7","7","2.0"
"322","Ronald Jones II","TB","RB","13.6","4","3.4"
"323","Robert Foster","BUF","WR","13.5","5","2.7"
"323","Maxx Williams","BAL","TE","13.5","7","1.9"
"324","Alex Armah","CAR","RB","13.4","7","1.9"
"324","Jeff Driskel","CIN","QB","13.4","2","6.7"
"325","Jordan Akins","HOU","TE","13.1","9","1.5"
"326","Logan Paulsen","ATL","TE","13.0","6","2.2"
"327","Sam Ficken","FA","K","13.0","2","6.5"
"328","Wayne Gallman","NYG","RB","12.8","8","1.6"
"329","Nathan Peterman","FA","QB","12.8","4","3.2"
"330","Sam Bradford","FA","QB","12.7","3","4.2"
"331","Elijah McGuire","NYJ","RB","12.4","2","6.2"
"331","Deonte Thompson","BUF","WR","12.4","8","1.6"
"332","Rex Burkhead","NE","RB","11.7","3","3.9"
"333","Hayden Hurst","BAL","TE","11.7","5","2.3"
"334","Robert Tonyan","GB","TE","11.4","3","3.8"
"334","Seth DeValve","CLE","TE","11.4","5","2.3"
"335","Cody Latimer","NYG","WR","10.8","4","2.7"
"335","A.J. Derby","MIA","TE","10.8","3","3.6"
"335","Jaylen Samuels","PIT","RB","10.8","3","3.6"
"336","Corey Grant","JAC","RB","10.7","5","2.1"
"337","Kenneth Dixon","BAL","RB","10.4","1","10.4"
"338","Colt McCoy","WAS","QB","9.7","1","9.7"
"339","Niles Paul","JAC","TE","9.5","6","1.6"
"339","De'Anthony Thomas","KC","WR","9.5","5","1.9"
"339","Jordan Leggett","NYJ","TE","9.5","7","1.4"
"340","James Develin","NE","RB","9.3","10","0.9"
"341","Devonta Freeman","ATL","RB","9.1","2","4.6"
"342","Zane Gonzalez","ARI","K","9.0","2","4.5"
"342","Cody Kessler","JAC","QB","9.0","1","9.0"
"343","Garrett Celek","SF","TE","8.9","6","1.5"
"344","Ian Thomas","CAR","TE","8.7","5","1.7"
"345","Dan Arnold","NO","WR","8.5","4","2.1"
"345","Jake Butt","DEN","TE","8.5","3","2.8"
"345","Zach Line","NO","RB","8.5","8","1.1"
"346","Breshad Perriman","CLE","WR","8.4","4","2.1"
"347","Anthony Firkser","TEN","RB","8.0","3","2.7"
"348","Rod Smith","DAL","RB","7.9","8","1.0"
"349","Keith Kirkwood","NO","WR","7.8","2","3.9"
"349","Logan Thomas","BUF","TE","7.8","6","1.3"
"350","Luke Willson","DET","TE","7.5","8","0.9"
"351","Kenjon Barner","CAR","RB","7.1","5","1.4"
"352","Kevin White","CHI","WR","7.0","2","3.5"
"352","DeAndre Washington","OAK","RB","7.0","3","2.3"
"352","Deontay Burnett","NYJ","WR","7.0","3","2.3"
"353","Bennie Fowler","NYG","WR","6.9","4","1.7"
"354","Matt Lengel","CIN","TE","6.8","4","1.7"
"355","Justin Hardy","ATL","WR","6.8","10","0.7"
"355","CJ Ham","MIN","RB","6.8","8","0.9"
"356","Joshua Perkins","PHI","TE","6.7","6","1.1"
"356","Richie James","SF","WR","6.7","6","1.1"
"357","Andy Janovich","DEN","RB","6.6","8","0.8"
"358","Mark Walton","CIN","RB","6.5","5","1.3"
"358","Derek Anderson","BUF","QB","6.5","2","3.3"
"359","TJ Jones","DET","WR","6.3","6","1.1"
"360","Cam Batson","TEN","WR","6.3","5","1.3"
"360","Darius Jennings","TEN","WR","6.3","8","0.8"
"361","Russell Shepard","NYG","WR","6.1","4","1.5"
"362","Eric Tomlinson","NYJ","TE","6.1","9","0.7"
"362","David Grinnage","FA","TE","6.1","3","2.0"
"362","Derrick Willies","CLE","WR","6.1","1","6.1"
"363","Levine Toilolo","DET","TE","6.0","6","1.0"
"364","Jermaine Gresham","ARI","TE","5.6","5","1.1"
"365","Stevan Ridley","PIT","RB","5.4","6","0.9"
"366","Michael Floyd","WAS","WR","5.3","5","1.1"
"366","Kamar Aiken","FA","WR","5.3","2","2.7"
"367","Alex Erickson","CIN","WR","5.2","10","0.5"
"367","Delanie Walker","TEN","TE","5.2","1","5.2"
"367","Jacob Hollister","NE","TE","5.2","2","2.6"
"368","Roc Thomas","MIN","RB","5.1","5","1.0"
"369","Marcell Ateman","OAK","WR","5.0","1","5.0"
"370","Trey Quinn","WAS","WR","4.9","2","2.5"
"371","Mike Boone","MIN","RB","4.8","6","0.8"
"371","DaeSean Hamilton","DEN","WR","4.8","6","0.8"
"372","Shelton Gibson","PHI","WR","4.8","4","1.2"
"373","Cody Core","CIN","WR","4.7","4","1.2"
"373","Xavier Grimble","PIT","TE","4.7","5","0.9"
"373","Neal Sterling","NYJ","TE","4.7","4","1.2"
"374","Dwayne Washington","NO","RB","4.6","4","1.2"
"375","Isaiah McKenzie","BUF","WR","4.6","2","2.3"
"375","Rico Gathers","DAL","TE","4.6","6","0.8"
"376","Dwayne Harris","OAK","WR","4.3","9","0.5"
"377","Blake Jarwin","DAL","TE","4.2","7","0.6"
"378","Blake Bell","JAC","TE","4.0","3","1.3"
"379","Chad Beebe","MIN","WR","3.9","2","2.0"
"380","Derek Carrier","OAK","TE","3.8","8","0.5"
"381","Jordan Franks","CIN","TE","3.7","2","1.9"
"382","Tyler Kroft","CIN","TE","3.6","5","0.7"
"383","Roosevelt Nix","PIT","RB","3.6","7","0.5"
"383","David Morgan","MIN","TE","3.6","5","0.7"
"384","Marcedes Lewis","GB","TE","3.5","3","1.2"
"385","Tyler Ervin","BAL","RB","3.5","9","0.4"
"386","Leonte Carroo","MIA","WR","3.4","1","3.4"
"387","Shaun Wilson","TB","RB","3.4","5","0.7"
"388","Dalton Schultz","DAL","TE","3.3","2","1.7"
"388","Eric Saubert","ATL","TE","3.3","5","0.7"
"389","Darren Sproles","PHI","RB","3.2","1","3.2"
"389","Mike Gillislee","FA","RB","3.2","4","0.8"
"390","Jeremy Hill","NE","RB","3.1","1","3.1"
"390","Kalen Ballage","MIA","RB","3.1","6","0.5"
"391","Travis Benjamin","LAC","WR","3.1","6","0.5"
"391","Scott Simonson","NYG","TE","3.1","6","0.5"
"392","Samaje Perine","WAS","RB","3.0","3","1.0"
"393","Lee Smith","OAK","TE","2.9","4","0.7"
"394","Antony Auclair","TB","TE","2.8","4","0.7"
"394","Vyncint Smith","HOU","WR","2.8","2","1.4"
"395","Dwayne Allen","NE","TE","2.7","3","0.9"
"395","Jawill Davis","NYG","WR","2.7","3","0.9"
"395","Andre Roberts","NYJ","WR","2.7","10","0.3"
"396","Justin Jackson","LAC","RB","2.6","3","0.9"
"396","J.J. Nelson","ARI","WR","2.6","8","0.3"
"397","Charone Peake","NYJ","WR","2.5","5","0.5"
"398","Ben Braunecker","CHI","TE","2.4","6","0.4"
"398","Patrick DiMarco","BUF","RB","2.4","4","0.6"
"399","Tyrone Swoopes","FA","TE","2.3","1","2.3"
"399","Brandon Zylstra","MIN","WR","2.3","3","0.8"
"400","Keith Smith","OAK","RB","2.2","6","0.4"
"401","DeAndre Carter","HOU","WR","2.1","7","0.3"
"401","Justin Hunter","PIT","WR","2.1","3","0.7"
"402","De'Lance Turner","BAL","RB","2.1","2","1.1"
"403","Derrick Coleman","ARI","RB","2.0","9","0.2"
"403","Corey Coleman","NYG","WR","2.0","2","1.0"
"403","Adam Shaheen","CHI","TE","2.0","1","2.0"
"404","Damien Williams","KC","RB","1.9","8","0.2"
"404","C.J. Prosise","SEA","RB","1.9","2","1.0"
"405","MyCole Pruitt","TEN","TE","1.9","1","1.9"
"406","Josh McCown","NYJ","QB","1.8","1","1.8"
"407","Elijhaa Penny","NYG","RB","1.8","5","0.4"
"407","Brian Quick","FA","WR","1.8","2","0.9"
"407","Terrance Williams","DAL","WR","1.8","2","0.9"
"408","Jonathan Stewart","NYG","RB","1.7","3","0.6"
"408","Benny Cunningham","CHI","RB","1.7","7","0.2"
"409","Nick Williams","LAR","WR","1.7","4","0.4"
"409","Khadarel Hodge","LAR","WR","1.7","4","0.4"
"410","David Fluellen","TEN","RB","1.6","4","0.4"
"411","Brandon Wilds","ARI","RB","1.5","3","0.5"
"411","Tommy Bohanon","JAC","RB","1.5","5","0.3"
"412","Tim White","BAL","WR","1.4","3","0.5"
"412","T.J. Logan","ARI","RB","1.4","3","0.5"
"412","Jamaal Charles","FA","RB","1.4","2","0.7"
"412","Orson Charles","CLE","TE","1.4","7","0.2"
"413","Ryan Izzo","MIN","TE","1.3","2","0.7"
"414","Zach Zenner","DET","RB","1.2","1","1.2"
"414","Sammie Coates","HOU","WR","1.2","2","0.6"
"414","Josh Malone","CIN","WR","1.2","2","0.6"
"415","Hakeem Valles","FA","TE","1.1","2","0.6"
"415","Rishard Matthews","NYJ","WR","1.1","4","0.3"
"416","Dontrell Hilliard","CLE","RB","1.0","5","0.2"
"416","Justin Hardee","NO","WR","1.0","8","0.1"
"416","J'Mon Moore","GB","WR","1.0","3","0.3"
"416","Victor Bolden Jr.","SF","WR","1.0","1","1.0"
"417","Tre Madden","SEA","RB","1.0","6","0.2"
"418","Ameer Abdullah","MIN","RB","0.9","4","0.2"
"419","Christine Michael","FA","RB","0.9","1","0.9"
"419","Cam Phillips","BUF","WR","0.9","2","0.5"
"419","Dion Sims","CHI","TE","0.9","3","0.3"
"419","Russell Gage","ATL","WR","0.9","4","0.2"
"419","Darrius Heyward-Bey","PIT","WR","0.9","5","0.2"
"420","Rashad Greene","JAC","WR","0.8","3","0.3"
"421","Damiere Byrd","CAR","WR","0.8","6","0.1"
"421","Ross Dwelley","SF","TE","0.8","1","0.8"
"421","Ray-Ray McCloud","BUF","WR","0.8","6","0.1"
"422","Rob Kelley","WAS","RB","0.8","2","0.4"
"423","Jeremy Kerley","FA","WR","0.7","1","0.7"
"423","Marcus Kemp","KC","WR","0.7","4","0.2"
"423","Ricky Ortiz","ATL","RB","0.7","2","0.4"
"424","Alan Cross","TB","TE","0.6","4","0.2"
"424","Michael Burton","CHI","RB","0.6","1","0.6"
"424","Trent Sherfield","ARI","WR","0.6","3","0.2"
"424","Brandon Powell","DET","WR","0.6","3","0.2"
"425","Byron Marshall","WAS","RB","0.5","1","0.5"
"425","Khari Lee","FA","TE","0.5","1","0.5"
"425","Justin Watson","TB","WR","0.5","3","0.2"
"425","Auden Tate","CIN","WR","0.5","2","0.3"
"426","Joshua Dobbs","PIT","QB","0.4","4","0.1"
"426","Taquan Mizzell","CHI","RB","0.4","3","0.1"
"426","Jeremy McNichols","DEN","RB","0.4","1","0.4"
"427","Derek Watt","LAC","RB","0.3","4","0.1"
"428","AJ McCarron","OAK","QB","0.3","1","0.3"
"428","Jamize Olawale","DAL","RB","0.3","7","0.0"
"428","Taylor Heinicke","CAR","QB","0.3","2","0.2"
"429","David Williams","JAC","RB","0.2","1","0.2"
"429","Chris Manhertz","CAR","TE","0.2","3","0.1"
"430","Sean Mannion","LAR","QB","0.1","1","0.1"
"430","Cameron Artis-Payne","CAR","RB","0.1","1","0.1"
"430","Jonathan Williams","IND","RB","0.1","3","0.0"
"430","Matt Schaub","ATL","QB","0.1","2","0.1"
"431","Mike Wallace","PHI","WR","0.0","1","0.0"
"431","Noah Brown","DAL","WR","0.0","2","0.0"
"431","JoJo Natson","LAR","WR","0.0","8","0.0"
"431","Stacy Coley","FA","WR","0.0","2","0.0"
"431","Brandon Bolden","MIA","RB","0.0","4","0.0"
"431","River Cracraft","DEN","WR","0.0","2","0.0"
"431","Tra Carson","GB","RB","0.0","2","0.0"
"431","Tommylee Lewis","NO","WR","0.0","2","0.0"
"431","Deante Burton","HOU","WR","0.0","1","0.0"
"431","Andy Jones","DET","WR","0.0","1","0.0"
"431","Taiwan Jones","BUF","RB","0.0","6","0.0"
"431","Brian Hill","ATL","RB","0.0","1","0.0"
"431","Jaydon Mickens","JAC","WR","0.0","6","0.0"
"431","Detrez Newsome","LAC","RB","0.0","2","0.0"
"431","Matt Slater","NE","WR","0.0","6","0.0"
"431","Freddie Martino","FA","WR","0.0","1","0.0"
"431","Rigoberto Sanchez","IND","K","0.0","10","0.0"
"431","Pharoh Cooper","LAR","WR","0.0","2","0.0"
"431","Dare Ogunbowale","TB","RB","0.0","1","0.0"
"431","Lance Lenoir","DAL","WR","0.0","1","0.0"
"431","Janarion Grant","BAL","WR","0.0","2","0.0"
"431","Keon Hatcher","OAK","WR","0.0","1","0.0"
"431","Trevor Davis","GB","WR","0.0","1","0.0"
"431","Richard Rodgers","PHI","TE","0.0","1","0.0"
"431","Brandon Wilson","CIN","RB","0.0","8","0.0"
"431","Sean Culkin","LAC","TE","0.0","1","0.0"
"431","Jehu Chesson","WAS","WR","0.0","3","0.0"
"431","Darrell Daniels","SEA","TE","0.0","4","0.0"
"431","Brandon Tate","FA","WR","0.0","1","0.0"
"431","Geremy Davis","LAC","WR","0.0","2","0.0"
"431","Jeremy Sprinkle","WAS","TE","0.0","5","0.0"
"431","Gabe Holmes","ARI","TE","0.0","1","0.0"
"431","Mason Schreck","CIN","TE","0.0","1","0.0"
"431","Brian Parker","DEN","TE","0.0","3","0.0"
"431","Brice Butler","MIA","WR","0.0","1","0.0"
"431","Joe Webb","HOU","QB","0.0","2","0.0"
"431","Kyle Sloter","MIN","QB","0.0","1","0.0"
"431","Brian Hoyer","NE","QB","0.0","3","0.0"
"431","Javon Wims","CHI","WR","0.0","1","0.0"
"431","Tanner McEvoy","FA","WR","0.0","1","0.0"
"431","Durham Smythe","MIA","TE","0.0","3","0.0"
"431","Ryan Hewitt","IND","RB","0.0","2","0.0"
"431","Justin Davis","LAR","RB","0.0","2","0.0"
"431","Gregory Howell","HOU","RB","0.0","5","0.0"
"431","Senorise Perry","MIA","RB","0.0","6","0.0"
"431","Cole Wick","SF","TE","0.0","2","0.0"
"431","Quadree Henderson","NYG","WR","0.0","4","0.0"
"431","Geno Smith","LAC","QB","0.0","2","0.0"
"431","Beau Brinkley","TEN","TE","0.0","4","0.0"
"432","Chad Kelly","FA","QB","-0.1","1","-0.1"
"432","Brandon Weeden","HOU","QB","-0.1","1","-0.1"
"433","Chase Daniel","CHI","QB","-0.5","2","-0.3"
"434","Robert Turbin","FA","RB","-0.7","2","-0.4"
"434","Teddy Bridgewater","NO","QB","-0.7","3","-0.2"
"435","Jacoby Brissett","IND","QB","-0.8","3","-0.3"
"436","Rod Streater","CLE","WR","-1.1","1","-1.1"
"437","Matt Cassel","DET","QB","-1.5","1","-1.5"
"438","DeShone Kizer","GB","QB","-1.8","1","-1.8"
"439","J.J. Jones","NYJ","WR","-2.0","3","-0.7"
"439","Kaelin Clay","FA","WR","-2.0","2","-1.0"
"439","Riley McCarron","FA","WR","-2.0","1","-2.0"
""
""